<?xml version="1.0" encoding="UTF-8"?>
<build-type xmlns:xsi="http://www.w3.org/2001/XMLSchema-instance" uuid="d22d488d-26c2-4100-9373-af0d9c28e3c6" xsi:noNamespaceSchemaLocation="https://www.jetbrains.com/teamcity/schemas/2021.1/project-config.xsd">
  <name>sq-postgres - Build &amp; Push</name>
  <description />
  <settings>
    <parameters>
      <param name="docker-image-repo-name" value="sq-postgres" />
    </parameters>
    <build-runners>
      <runner id="RUNNER_4" name="Docker Hub Login" type="simpleRunner">
        <parameters>
          <param name="command.executable" value="docker/scripts/docker-hub-login.sh" />
          <param name="command.parameters"><![CDATA[%docker-hub-login-name%
%docker-hub-access-token%]]></param>
          <param name="teamcity.step.mode" value="default" />
        </parameters>
      </runner>
      <runner id="RUNNER_5" name="Docker Image Build &amp; Push" type="simpleRunner">
        <parameters>
          <param name="command.executable" value="docker/scripts/docker-build-and-push.sh" />
          <param name="command.parameters"><![CDATA[%docker-hub-account-name%
%docker-image-repo-name%]]></param>
          <param name="teamcity.step.mode" value="default" />
        </parameters>
      </runner>
      <runner id="RUNNER_6" name="Clear Docker Images" type="simpleRunner">
        <parameters>
          <param name="command.executable" value="docker/scripts/docker-clear.sh" />
          <param name="teamcity.step.mode" value="default" />
        </parameters>
      </runner>
    </build-runners>
    <vcs-settings>
      <vcs-entry-ref root-id="StorageQueen_StorageQueenDevBranch" />
    </vcs-settings>
    <requirements />
    <build-triggers />
    <cleanup />
  </settings>
</build-type>

