<root>
  <page path="/agentDetails.html?tab=agentSummary">
    <usage userId="1" timestamp="1663999490768" />
  </page>
  <page path="/bsout.html">
    <usage userId="1" timestamp="1664001228898" />
  </page>
  <page path="/viewLog.html">
    <usage userId="1" timestamp="1664001244757" />
  </page>
  <page path="/projectHealthStatusItems.html">
    <usage userId="1" timestamp="1664001212212" />
  </page>
  <page path="/viewType.html">
    <usage userId="1" timestamp="1664001220822" />
  </page>
  <page path="/favorite/projects">
    <usage userId="1" timestamp="1663999780164" />
  </page>
  <page path="/buildTypeHealthStatusItems.html">
    <usage userId="1" timestamp="1664001220849" />
  </page>
</root>