<?xml version="1.0" encoding="UTF-8"?>
<vcs-root xmlns:xsi="http://www.w3.org/2001/XMLSchema-instance" uuid="ecf81f76-d036-42cb-aaf5-2fbd91ffd4b0" type="jetbrains.git" xsi:noNamespaceSchemaLocation="https://www.jetbrains.com/teamcity/schemas/2021.1/project-config.xsd">
  <name>Storage Queen Dev Branch</name>
  <param name="agentCleanFilesPolicy" value="ALL_UNTRACKED" />
  <param name="agentCleanPolicy" value="ON_BRANCH_CHANGE" />
  <param name="authMethod" value="PASSWORD" />
  <param name="branch" value="dev" />
  <param name="ignoreKnownHosts" value="true" />
  <param name="secure:password" value="zxx8bac37844fb1c614d53d95021c59eef624c9eb2a025c7886bb679010ae7a35dbfd2d8765d083c4ac775d03cbe80d301b" />
  <param name="submoduleCheckout" value="CHECKOUT" />
  <param name="url" value="https://github.com/WestlyEdge/StorageQueen.git" />
  <param name="useAlternates" value="AUTO" />
  <param name="usernameStyle" value="USERID" />
</vcs-root>

