<?xml version="1.0" encoding="UTF-8"?>
<build-type xmlns:xsi="http://www.w3.org/2001/XMLSchema-instance" uuid="fa138db5-1c32-4d4e-8d5f-5db79e8f7a8d" xsi:noNamespaceSchemaLocation="https://www.jetbrains.com/teamcity/schemas/2021.1/project-config.xsd">
  <name>Install Helm Packages (Dev)</name>
  <description />
  <settings>
    <parameters />
    <build-runners>
      <runner id="RUNNER_22" name="Helm Installs (Dev)" type="simpleRunner">
        <parameters>
          <param name="command.executable" value="helm/helm-installs.sh" />
          <param name="command.parameters" value="dev" />
          <param name="teamcity.step.mode" value="default" />
        </parameters>
      </runner>
    </build-runners>
    <vcs-settings>
      <vcs-entry-ref root-id="StorageQueen_Dev_StorageQueenDevBranch_2" />
    </vcs-settings>
    <requirements />
    <build-triggers />
    <cleanup />
  </settings>
</build-type>

