<?xml version="1.0" encoding="UTF-8"?>
<vcs-root xmlns:xsi="http://www.w3.org/2001/XMLSchema-instance" uuid="458b2c66-6863-4de7-a08d-15c262343bf7" type="jetbrains.git" xsi:noNamespaceSchemaLocation="https://www.jetbrains.com/teamcity/schemas/2021.1/project-config.xsd">
  <name>Storage Queen Dev Branch</name>
  <param name="agentCleanFilesPolicy" value="ALL_UNTRACKED" />
  <param name="agentCleanPolicy" value="ON_BRANCH_CHANGE" />
  <param name="authMethod" value="PASSWORD" />
  <param name="branch" value="dev" />
  <param name="ignoreKnownHosts" value="true" />
  <param name="secure:password" value="zxxcacdb0947239393884662d0af931c36bdf32fcafc77ef4f05d13d8df53142e58bbd5d73d6801c45a775d03cbe80d301b" />
  <param name="submoduleCheckout" value="CHECKOUT" />
  <param name="url" value="https://github.com/WestlyEdge/StorageQueen.git" />
  <param name="useAlternates" value="AUTO" />
  <param name="usernameStyle" value="USERID" />
</vcs-root>

