<?xml version="1.0" encoding="UTF-8"?>
<build-type xmlns:xsi="http://www.w3.org/2001/XMLSchema-instance" uuid="1c7348a4-fe47-4784-9b37-4672ed46332a" xsi:noNamespaceSchemaLocation="https://www.jetbrains.com/teamcity/schemas/2021.1/project-config.xsd">
  <name>Install From YAML (Prod)</name>
  <description />
  <settings>
    <parameters />
    <build-runners>
      <runner id="RUNNER_23" name="Install Accounts (Prod)" type="simpleRunner">
        <parameters>
          <param name="command.executable" value="accounts/scripts/install-from-yaml.sh" />
          <param name="command.parameters" value="prod" />
          <param name="teamcity.step.mode" value="default" />
        </parameters>
      </runner>
    </build-runners>
    <vcs-settings>
      <vcs-entry-ref root-id="StorageQueen_Prod_StorageQueenMainBranch" />
    </vcs-settings>
    <requirements />
    <build-triggers />
    <cleanup />
  </settings>
</build-type>

