<?xml version="1.0" encoding="UTF-8"?>
<build-type xmlns:xsi="http://www.w3.org/2001/XMLSchema-instance" uuid="baa49d16-c240-4e71-a75b-f960a3704146" xsi:noNamespaceSchemaLocation="https://www.jetbrains.com/teamcity/schemas/2021.1/project-config.xsd">
  <name>sq-prod-eks-cluster - Deploy Stack</name>
  <description />
  <settings>
    <parameters />
    <build-runners>
      <runner id="RUNNER_1" name="Validate Template" type="simpleRunner">
        <parameters>
          <param name="command.executable" value="cloudformation/eks-cluster/scripts/validate-template.sh" />
          <param name="teamcity.step.mode" value="default" />
        </parameters>
      </runner>
      <runner id="RUNNER_2" name="Deploy" type="simpleRunner">
        <parameters>
          <param name="command.executable" value="cloudformation/eks-cluster/scripts/prod/deploy-stack.sh" />
          <param name="teamcity.step.mode" value="default" />
        </parameters>
      </runner>
    </build-runners>
    <vcs-settings>
      <vcs-entry-ref root-id="StorageQueen_Prod_StorageQueenMainBranch" />
    </vcs-settings>
    <requirements />
    <build-triggers />
    <cleanup />
  </settings>
</build-type>

