<?xml version="1.0" encoding="UTF-8"?>
<build-type xmlns:xsi="http://www.w3.org/2001/XMLSchema-instance" uuid="363afe21-a484-453b-b208-f675c9fdcd22" xsi:noNamespaceSchemaLocation="https://www.jetbrains.com/teamcity/schemas/2021.1/project-config.xsd">
  <name>sq-prod-eks-nodes - Deploy Stack</name>
  <description />
  <settings>
    <parameters />
    <build-runners>
      <runner id="RUNNER_15" name="Validate Template" type="simpleRunner">
        <parameters>
          <param name="command.executable" value="cloudformation/eks-nodes/scripts/validate-template.sh" />
          <param name="teamcity.step.mode" value="default" />
        </parameters>
      </runner>
      <runner id="RUNNER_16" name="Deploy" type="simpleRunner">
        <parameters>
          <param name="command.executable" value="cloudformation/eks-nodes/scripts/prod/deploy-stack.sh" />
          <param name="teamcity.step.mode" value="default" />
        </parameters>
      </runner>
    </build-runners>
    <vcs-settings>
      <vcs-entry-ref root-id="StorageQueen_Prod_StorageQueenMainBranch" />
    </vcs-settings>
    <requirements />
    <build-triggers />
    <cleanup />
  </settings>
</build-type>

