<?xml version="1.0" encoding="UTF-8"?>
<build-type xmlns:xsi="http://www.w3.org/2001/XMLSchema-instance" uuid="c37cb71b-676f-4464-a664-c05162686ce5" xsi:noNamespaceSchemaLocation="https://www.jetbrains.com/teamcity/schemas/2021.1/project-config.xsd">
  <name>sq-prod - Deploy All Stacks</name>
  <description />
  <settings>
    <options>
      <option name="shouldFailBuildOnBadExitCode" value="false" />
    </options>
    <parameters />
    <build-runners>
      <runner id="RUNNER_1" name="Validate Networking Template" type="simpleRunner">
        <parameters>
          <param name="command.executable" value="cloudformation/networking/scripts/validate-template.sh" />
          <param name="teamcity.step.mode" value="default" />
        </parameters>
      </runner>
      <runner id="RUNNER_2" name="Deploy Networking Stack" type="simpleRunner">
        <parameters>
          <param name="command.executable" value="cloudformation/networking/scripts/prod/deploy-stack.sh" />
          <param name="teamcity.step.mode" value="default" />
        </parameters>
      </runner>
      <runner id="RUNNER_10" name="Validate EKS Cluster Template" type="simpleRunner">
        <parameters>
          <param name="command.executable" value="cloudformation/eks-cluster/scripts/validate-template.sh" />
          <param name="teamcity.step.mode" value="default" />
        </parameters>
      </runner>
      <runner id="RUNNER_11" name="Deploy EKS Cluster Stack" type="simpleRunner">
        <parameters>
          <param name="command.executable" value="cloudformation/eks-cluster/scripts/prod/deploy-stack.sh" />
          <param name="teamcity.step.mode" value="default" />
        </parameters>
      </runner>
      <runner id="RUNNER_20" name="Kubernetes Setup" type="simpleRunner">
        <parameters>
          <param name="command.executable" value="eks-setup/eks-setup.sh" />
          <param name="command.parameters" value="prod" />
          <param name="teamcity.step.mode" value="default" />
        </parameters>
      </runner>
      <runner id="RUNNER_17" name="Validate EKS Nodes Template" type="simpleRunner">
        <parameters>
          <param name="command.executable" value="cloudformation/eks-nodes/scripts/validate-template.sh" />
          <param name="teamcity.step.mode" value="default" />
        </parameters>
      </runner>
      <runner id="RUNNER_18" name="Deploy EKS Nodes Stack" type="simpleRunner">
        <parameters>
          <param name="command.executable" value="cloudformation/eks-nodes/scripts/prod/deploy-stack.sh" />
          <param name="teamcity.step.mode" value="default" />
        </parameters>
      </runner>
    </build-runners>
    <vcs-settings>
      <vcs-entry-ref root-id="StorageQueen_Prod_StorageQueenMainBranch" />
    </vcs-settings>
    <requirements />
    <build-triggers />
    <cleanup />
  </settings>
</build-type>

