<?xml version="1.0" encoding="UTF-8"?>
<build-type xmlns:xsi="http://www.w3.org/2001/XMLSchema-instance" uuid="36396bb8-dbb8-4100-9c3f-d6eefbb1189e" xsi:noNamespaceSchemaLocation="https://www.jetbrains.com/teamcity/schemas/2021.1/project-config.xsd">
  <name>Uninstall From YAML (Dev)</name>
  <description />
  <settings>
    <parameters />
    <build-runners>
      <runner id="RUNNER_23" name="Uninstall Accounts (Dev)" type="simpleRunner">
        <parameters>
          <param name="command.executable" value="accounts/scripts/uninstall-from-yaml.sh" />
          <param name="command.parameters" value="dev" />
          <param name="teamcity.step.mode" value="default" />
        </parameters>
      </runner>
    </build-runners>
    <vcs-settings>
      <vcs-entry-ref root-id="StorageQueen_Dev_StorageQueenDevBranch_2" />
    </vcs-settings>
    <requirements />
    <build-triggers />
    <cleanup />
  </settings>
</build-type>

