<?xml version="1.0" encoding="UTF-8"?>
<build-type xmlns:xsi="http://www.w3.org/2001/XMLSchema-instance" uuid="db1999ca-fbec-4d76-8cef-dc29f0822541" xsi:noNamespaceSchemaLocation="https://www.jetbrains.com/teamcity/schemas/2021.1/project-config.xsd">
  <name>Install Helm Packages (Prod)</name>
  <description />
  <settings>
    <parameters />
    <build-runners>
      <runner id="RUNNER_22" name="Helm Installs (Prod)" type="simpleRunner">
        <parameters>
          <param name="command.executable" value="helm/helm-installs.sh" />
          <param name="command.parameters" value="prod" />
          <param name="teamcity.step.mode" value="default" />
        </parameters>
      </runner>
    </build-runners>
    <vcs-settings>
      <vcs-entry-ref root-id="StorageQueen_Prod_StorageQueenMainBranch" />
    </vcs-settings>
    <requirements />
    <build-triggers />
    <cleanup />
  </settings>
</build-type>

