<?xml version="1.0" encoding="UTF-8"?>
<project xmlns:xsi="http://www.w3.org/2001/XMLSchema-instance" parent-id="StorageQueen" uuid="29118655-bdfb-415f-b2a6-75ba18c92baf" xsi:noNamespaceSchemaLocation="https://www.jetbrains.com/teamcity/schemas/2021.1/project-config.xsd">
  <name>Docker</name>
  <parameters>
    <param name="docker-hub-access-token" value="zxx5e244335597ac1e3c618e16da0660ab767dc7e1f6aae75db5517abcd9f3c410ffdac2cc306a7e7a1" spec="password display='hidden' readOnly='true' label='docker-hub-access-token'" />
    <param name="docker-hub-account-name" value="wesedge" />
    <param name="docker-hub-login-name" value="wesedge" />
  </parameters>
  <cleanup />
</project>

